<?xml version="1.0" encoding="UTF-8"?>
<configuration>

    <logger name="com.food.delivery" level="DEBUG"/>
    <logger name="com.food.delivery.configuration.logging" level="WARN"/>
    <logger name="org.hibernate" level="WARN"/>
    <logger name="org.springframework" level="WARN"/>
    <logger name="org.springframework.web" level="WARN"/>

    <property name="DEV_HOME" value="/opt/food-delivery" />

    <appender name="FILE-AUDIT"
              class="ch.qos.logback.core.rolling.RollingFileAppender">
        <file>${DEV_HOME}/food-delivery.log</file>
        <encoder class="ch.qos.logback.classic.encoder.PatternLayoutEncoder">
            <Pattern>
                %d{yyyy-MM-dd HH:mm:ss} [%thread] %level %logger{35} : %msg%n
            </Pattern>
        </encoder>

        <rollingPolicy class="ch.qos.logback.core.rolling.TimeBasedRollingPolicy">
            <!-- rollover daily -->
            <fileNamePattern>${DEV_HOME}/logs/debug.%d{yyyy-MM-dd}.%i.log</fileNamePattern>
            <timeBasedFileNamingAndTriggeringPolicy
                    class="ch.qos.logback.core.rolling.SizeAndTimeBasedFNATP">
                <maxFileSize>10MB</maxFileSize>
            </timeBasedFileNamingAndTriggeringPolicy>
        </rollingPolicy>

    </appender>

    <appender name="Console"
              class="ch.qos.logback.core.ConsoleAppender">
        <layout class="ch.qos.logback.classic.PatternLayout">
            <Pattern>
                %(%d{yy-MM-dd E HH:mm:ss.SSS}) %highlight(%red(%-5level)) --- %boldYellow([%X{traceId}/%X{spanId}]) %boldCyan([%8.15t]){cyan} %highlight(%blue(%-40.40logger{0})) : %(%m){faint}%n
            </Pattern>
        </layout>
    </appender>

    <!-- LOG everything at INFO level -->
    <root level="info">
        <appender-ref ref="Console" />
    </root>

    <logger name="com.food.delivery" level="trace" additivity="false">
        <appender-ref ref="Console" />
    </logger>


</configuration>